<?xml version="1.0" encoding="UTF-8"?>

<!DOCTYPE struts-config PUBLIC
          "-//Apache Software Foundation//DTD Struts Configuration 1.3//EN"
          "http://struts.apache.org/dtds/struts-config_1_3.dtd">

<struts-config>

    <!-- ========== Form Bean Definitions ================================== -->
    <form-beans>
        
        <form-bean name="loginForm" type="com.raistudies.forms.LoginForm"/>

    </form-beans>

    <!-- ========== Action Mapping Definitions ============================= -->
    <action-mappings>

	    <action name="loginForm" path="/Login" type="com.raistudies.actions.LoginAction" scope="request" input="/Login.jsp">
	        <forward name="failure" path="/Failure.jsp" redirect="true"/>
	        <forward name="success" path="/Success.jsp" redirect="true"/>
	    </action>

    </action-mappings>

</struts-config>